{"cameraMode":{"drawMode":0,"name":"Shaded","section":"Shading Mode"},"sceneLighting":true,"audioPlay":false,"sceneViewState":{"showFog":true,"showMaterialUpdate":false,"showSkybox":true,"showFlares":true,"showImageEffects":true,"showParticleSystems":true},"in2DMode":false,"pivot":{"x":-190.36631774902345,"y":184.97048950195313,"z":292.9057312011719},"rotation":{"x":-0.44600579142570498,"y":-0.005897637456655502,"z":0.002935895463451743,"w":-0.8950058817863464},"size":5603.80126953125,"orthographic":false}